S.No,Name,Age,Job,IsMarried,COmpany
1,Kavya Sharma,38,Sales Executive,Yes,Cognizant
2,Ishaan Agarwal,55,Data Scientist,No,Infosys
3,Aditi Kumar,34,Sales Executive,Yes,Zoho
4,Rahul Bhat,55,Consultant,Yes,EY
5,Vivek Verma,21,Accountant,No,Microsoft
6,Vijay Reddy,34,Project Manager,Yes,Wipro
7,Divya Singh,43,DevOps Engineer,No,Infosys
8,Lakshmi Chopra,28,QA Engineer,Yes,Zoho
9,Priya Sinha,60,DevOps Engineer,Yes,Wipro
10,Akash Agarwal,35,Business Analyst,Yes,IBM
11,Ishaan Das,38,Designer,No,HCLTech
12,Deepak Rao,34,Marketing Manager,Yes,Flipkart
13,Nikhil Chopra,36,Accountant,No,Tech Mahindra
14,Vijay Sinha,56,Sales Executive,No,Infosys
15,Rohan Patel,41,QA Engineer,No,Wipro
16,Riya Bose,41,HR Manager,No,Tech Mahindra
17,Lakshmi Reddy,37,Doctor,Yes,Zoho
18,Shreya Verma,58,Consultant,No,Google
19,Rohan Reddy,53,Bank Manager,Yes,Infosys
20,Kavya Reddy,31,Consultant,Yes,Tech Mahindra
21,Divya Malhotra,50,Civil Engineer,No,Zoho
22,Aarav Agarwal,28,Lawyer,No,Walmart
23,Bhavna Singh,39,Consultant,Yes,EY
24,Aarav Desai,37,Civil Engineer,Yes,Genpact
25,Ishaan Sinha,40,Civil Engineer,Yes,Cognizant
26,Deepak Kulkarni,31,Lawyer,Yes,Flipkart
27,Aditya Menon,22,Teacher,No,Amazon
28,Sanjay Patel,36,Architect,Yes,Wipro
29,Nandini Kumar,55,Doctor,Yes,KPMG
30,Tarun Iyer,37,Civil Engineer,No,Capgemini
31,Shreya Kulkarni,33,Business Analyst,No,Walmart
32,Deepak Kapoor,54,Designer,Yes,IBM
33,Rohan Kumar,42,Software Engineer,Yes,Freshworks
34,Rohan Sharma,25,Data Analyst,Yes,Wipro
35,Akash Mehta,25,Civil Engineer,Yes,Deloitte
36,Nandini Nair,55,Doctor,No,IBM
37,Manish Mishra,33,Teacher,Yes,Oracle
38,Chandan Mishra,47,Designer,Yes,Walmart
39,Ishaan Patel,46,Project Manager,Yes,IBM
40,Rahul Nair,55,Designer,Yes,Oracle
41,Neha Verma,50,Sales Executive,Yes,EY
42,Tarun Singh,24,Lawyer,Yes,Wipro
43,Sanjay Iyer,47,Bank Manager,No,Capgemini
44,Gaurav Patel,31,QA Engineer,Yes,Tech Mahindra
45,Sneha Kapoor,39,Consultant,No,Cognizant
46,Rahul Joshi,34,Data Analyst,Yes,Microsoft
47,Ananya Patel,58,Bank Manager,Yes,Infosys
48,Pooja Kumar,32,Data Scientist,Yes,IBM
49,Gaurav Singh,57,Sales Executive,Yes,Flipkart
50,Diya Mishra,58,Architect,No,Deloitte
51,Riya Agarwal,41,Sales Executive,No,Tech Mahindra
52,Kiran Agarwal,40,Designer,No,Wipro
53,Aarav Kapoor,60,Architect,Yes,Wipro
54,Shreya Nair,53,Marketing Manager,Yes,Google
55,Arjun Gupta,44,Business Analyst,Yes,EY
56,Shreya Bhat,40,Product Manager,Yes,Zoho
57,Varun Agarwal,27,Doctor,No,Accenture
58,Ishaan Desai,56,Doctor,No,Amazon
59,Yash Nair,42,HR Manager,No,Genpact
60,Nandini Verma,24,Data Scientist,No,Deloitte
61,Akash Sharma,42,Doctor,No,HCLTech
62,Karthik Chopra,48,Lawyer,Yes,Accenture
63,Arjun Bhat,30,Lawyer,Yes,Google
64,Vivek Chopra,30,Consultant,Yes,Infosys
65,Varun Rao,23,DevOps Engineer,Yes,IBM
66,Ishaan Rao,56,Consultant,Yes,IBM
67,Nikhil Iyer,47,Software Engineer,Yes,Microsoft
68,Harish Agarwal,36,Marketing Manager,Yes,Accenture
69,Divya Patel,51,Sales Executive,Yes,EY
70,Chandan Joshi,35,Sales Executive,Yes,Capgemini
71,Gaurav Mehta,38,Data Scientist,No,Google
72,Pooja Das,55,Project Manager,Yes,Accenture
73,Sneha Iyer,58,Marketing Manager,Yes,Accenture
74,Yash Mishra,43,Project Manager,No,Flipkart
75,Pooja Singh,45,Architect,Yes,Deloitte
76,Akash Bhat,48,Software Engineer,Yes,Google
77,Jaya Kumar,42,Product Manager,No,Accenture
78,Varun Pillai,40,Consultant,No,Tech Mahindra
79,Priya Chopra,29,HR Manager,No,Tech Mahindra
80,Neha Malhotra,57,Business Analyst,No,Zoho
81,Aarav Joshi,39,HR Manager,No,Freshworks
82,Yash Sinha,41,Designer,No,EY
83,Riya Pillai,51,Accountant,Yes,Amazon
84,Pooja Agarwal,60,Project Manager,Yes,IBM
85,Varun Gupta,33,Doctor,Yes,Infosys
86,Sanjay Menon,60,Data Scientist,No,Oracle
87,Uma Nair,45,Bank Manager,No,IBM
88,Meera Sinha,21,Teacher,No,IBM
89,Neha Bhat,54,Designer,Yes,Zoho
90,Sanjay Singh,50,Doctor,No,Genpact
91,Tarun Malhotra,41,Designer,No,Zoho
92,Karthik Iyer,51,Designer,No,IBM
93,Vijay Kulkarni,54,Bank Manager,Yes,Deloitte
94,Karthik Kumar,39,Sales Executive,No,Microsoft
95,Aditya Chopra,26,Doctor,Yes,IBM
96,Divya Bhat,30,HR Manager,Yes,Oracle
97,Harish Mehta,55,Designer,No,Infosys
98,Riya Mishra,45,Architect,Yes,Freshworks
99,Divya Menon,21,DevOps Engineer,No,Tech Mahindra
100,Harish Chopra,55,Product Manager,Yes,KPMG
101,Rohan Verma,48,Bank Manager,Yes,Tech Mahindra
102,Bhavna Agarwal,46,Accountant,No,Cognizant
103,Zoya Chopra,22,QA Engineer,Yes,Wipro
104,Jaya Reddy,50,Accountant,Yes,Deloitte
105,Divya Mehta,34,Designer,No,Microsoft
106,Divya Verma,47,Marketing Manager,Yes,KPMG
107,Aditi Desai,55,Data Analyst,No,IBM
108,Arjun Kulkarni,23,Software Engineer,Yes,Capgemini
109,Aditi Malhotra,30,Sales Executive,Yes,KPMG
110,Kavya Bose,34,Designer,No,Google
111,Nikhil Malhotra,59,Teacher,Yes,Amazon
112,Ishaan Bose,22,Business Analyst,No,Tech Mahindra
113,Rahul Kumar,58,Sales Executive,Yes,Amazon
114,Yash Singh,57,Data Analyst,No,Zoho
115,Jaya Agarwal,44,Data Scientist,No,TCS
116,Harish Menon,27,Consultant,No,Walmart
117,Lakshmi Bhat,30,Consultant,Yes,Genpact
118,Vijay Malhotra,55,Bank Manager,No,Oracle
119,Vivek Verma,41,Sales Executive,Yes,Deloitte
120,Karthik Gupta,50,Architect,No,Microsoft
121,Aditi Menon,41,Accountant,No,Capgemini
122,Chandan Verma,42,Marketing Manager,No,Zoho
123,Aarav Pillai,33,Data Scientist,Yes,Oracle
124,Nandini Chopra,36,Bank Manager,No,EY
125,Aditi Kumar,39,Sales Executive,No,IBM
126,Varun Agarwal,58,DevOps Engineer,No,Zoho
127,Raj Rao,48,Lawyer,No,Google
128,Lakshmi Verma,40,Marketing Manager,Yes,Accenture
129,Rahul Mehta,28,Lawyer,Yes,Capgemini
130,Riya Desai,51,Marketing Manager,No,Accenture
131,Rahul Joshi,35,DevOps Engineer,Yes,Amazon
132,Aarav Bhat,55,Doctor,No,Infosys
133,Ananya Chopra,39,Doctor,No,Accenture
134,Aarav Bose,39,Bank Manager,No,EY
135,Bhavna Iyer,24,Marketing Manager,No,Accenture
136,Arjun Das,52,Data Scientist,Yes,Cognizant
137,Meera Bose,40,Data Scientist,Yes,Accenture
138,Tarun Kulkarni,47,Product Manager,Yes,Genpact
139,Divya Kapoor,49,Business Analyst,No,Amazon
140,Uma Malhotra,24,Product Manager,Yes,Capgemini
141,Riya Verma,26,Accountant,Yes,HCLTech
142,Tarun Kumar,31,Software Engineer,No,EY
143,Yash Menon,39,Data Analyst,Yes,Amazon
144,Priya Bhat,50,Data Scientist,Yes,Deloitte
145,Vivek Agarwal,33,Consultant,Yes,Zoho
146,Rohan Sinha,30,Marketing Manager,Yes,Wipro
147,Ananya Iyer,40,Product Manager,No,EY
148,Kavya Kapoor,40,QA Engineer,No,Genpact
149,Shreya Menon,49,Data Scientist,Yes,Oracle
150,Aditya Malhotra,37,Software Engineer,Yes,IBM
151,Uma Bose,22,Marketing Manager,Yes,HCLTech
152,Manish Pillai,49,Marketing Manager,Yes,Freshworks
153,Jaya Sinha,52,Data Scientist,No,Google
154,Harish Mehta,41,Teacher,Yes,Microsoft
155,Harish Bhat,52,Business Analyst,No,Zoho
156,Akash Kapoor,26,Project Manager,No,Microsoft
157,Kavya Kulkarni,46,Civil Engineer,Yes,Zoho
158,Lakshmi Mishra,24,HR Manager,No,Flipkart
159,Nandini Sinha,49,Data Analyst,Yes,Deloitte
160,Tarun Reddy,39,Designer,No,Accenture
161,Aditi Sinha,59,Sales Executive,Yes,Amazon
162,Tarun Sharma,56,Consultant,Yes,IBM
163,Kavya Kapoor,28,Doctor,No,Amazon
164,Pooja Bhat,38,Consultant,No,KPMG
165,Sanjay Kapoor,56,Doctor,No,Capgemini
166,Yash Pillai,29,Data Scientist,No,Oracle
167,Bhavna Pillai,38,Software Engineer,No,Amazon
168,Vivek Bose,52,Doctor,No,Zoho
169,Manish Rao,42,Lawyer,No,EY
170,Aditya Nair,36,Architect,No,IBM
171,Harish Patel,41,Bank Manager,No,Tech Mahindra
172,Meera Menon,23,Doctor,No,Accenture
173,Karthik Singh,54,Designer,Yes,Cognizant
174,Harish Sinha,30,Data Scientist,No,Deloitte
175,Bhavna Malhotra,46,Data Scientist,No,Zoho
176,Divya Mehta,52,Lawyer,Yes,Flipkart
177,Arjun Gupta,39,Sales Executive,Yes,Oracle
178,Ishaan Kulkarni,27,Designer,Yes,Amazon
179,Aditi Patel,41,Data Analyst,No,Google
180,Deepak Mishra,30,Sales Executive,No,Freshworks
181,Neha Iyer,32,Data Scientist,No,Flipkart
182,Sanjay Menon,58,Doctor,Yes,EY
183,Sneha Kapoor,37,Software Engineer,No,Amazon
184,Shreya Iyer,25,Designer,No,Freshworks
185,Varun Sinha,48,Marketing Manager,No,Amazon
186,Rahul Das,51,Teacher,Yes,Tech Mahindra
187,Uma Rao,57,Business Analyst,No,TCS
188,Gaurav Verma,21,Architect,Yes,Flipkart
189,Nandini Joshi,35,Product Manager,No,IBM
190,Rahul Malhotra,37,Doctor,Yes,Walmart
191,Akash Joshi,49,Data Analyst,No,Cognizant
192,Diya Joshi,41,Consultant,Yes,Capgemini
193,Kiran Chopra,44,Civil Engineer,No,HCLTech
194,Sneha Menon,39,Project Manager,Yes,EY
195,Arjun Reddy,35,QA Engineer,No,Wipro
196,Gaurav Sharma,37,Lawyer,Yes,EY
197,Deepak Agarwal,37,Architect,No,Walmart
198,Deepak Singh,35,Bank Manager,Yes,Flipkart
199,Tarun Mehta,60,Sales Executive,Yes,Walmart
200,Lakshmi Bhat,40,Consultant,Yes,Cognizant
201,Akash Patel,40,Bank Manager,Yes,Accenture
202,Sanjay Chopra,29,QA Engineer,No,Google
203,Shreya Mishra,58,Doctor,No,Walmart
204,Ishaan Menon,60,Consultant,No,Infosys
205,Deepak Nair,49,Designer,Yes,Google
206,Ishaan Agarwal,44,Lawyer,No,Infosys
207,Gaurav Verma,33,Teacher,No,Wipro
208,Riya Sinha,59,Software Engineer,Yes,Microsoft
209,Sanjay Reddy,57,HR Manager,Yes,Zoho
210,Riya Bose,34,Sales Executive,No,Cognizant
211,Yash Sharma,38,Doctor,Yes,Zoho
212,Sneha Iyer,28,Software Engineer,Yes,TCS
213,Chandan Gupta,58,Project Manager,Yes,HCLTech
214,Sneha Patel,29,Consultant,Yes,Wipro
215,Manish Kapoor,44,Civil Engineer,Yes,EY
216,Pooja Gupta,60,Data Analyst,No,EY
217,Aditi Patel,51,QA Engineer,No,Accenture
218,Nandini Bhat,49,Data Scientist,Yes,Microsoft
219,Yash Reddy,25,Doctor,No,Flipkart
220,Vivek Chopra,41,QA Engineer,No,EY
221,Pooja Malhotra,48,Teacher,Yes,Walmart
222,Tarun Desai,34,Consultant,No,IBM
223,Harish Mehta,50,QA Engineer,No,Accenture
224,Aditya Mishra,41,Marketing Manager,No,Cognizant
225,Manish Kumar,26,Data Scientist,Yes,Oracle
226,Ishaan Desai,44,Doctor,Yes,Freshworks
227,Tarun Chopra,42,Teacher,No,Google
228,Jaya Desai,24,Business Analyst,No,Google
229,Ishaan Bose,53,HR Manager,Yes,KPMG
230,Rohan Singh,43,Lawyer,No,Accenture
231,Vijay Bose,35,Consultant,Yes,Flipkart
232,Vijay Sharma,32,Marketing Manager,No,Microsoft
233,Chandan Sharma,32,Doctor,No,Wipro
234,Meera Desai,22,Data Scientist,Yes,Tech Mahindra
235,Harish Kapoor,42,Accountant,No,Amazon
236,Aditya Kulkarni,57,Product Manager,Yes,Infosys
237,Meera Iyer,60,Data Analyst,Yes,Deloitte
238,Karthik Agarwal,48,Bank Manager,No,Oracle
239,Vijay Nair,53,Teacher,No,Oracle
240,Kavya Joshi,58,Bank Manager,No,Infosys
241,Rohan Das,59,Data Analyst,Yes,Capgemini
242,Varun Nair,29,Marketing Manager,No,Microsoft
243,Kavya Sharma,52,Consultant,Yes,Cognizant
244,Divya Chopra,35,Civil Engineer,No,Wipro
245,Gaurav Desai,23,Consultant,Yes,EY
246,Arjun Mehta,57,Consultant,No,Walmart
247,Harish Joshi,28,QA Engineer,Yes,Microsoft
248,Nikhil Malhotra,50,DevOps Engineer,Yes,Oracle
249,Ishaan Gupta,48,Architect,No,Genpact
250,Diya Das,40,Project Manager,Yes,Microsoft
251,Nikhil Kumar,53,Teacher,Yes,Google
252,Chandan Desai,30,Sales Executive,Yes,Cognizant
253,Sneha Nair,32,Product Manager,Yes,Walmart
254,Arjun Iyer,52,Designer,No,Freshworks
255,Zoya Mehta,41,Doctor,No,Wipro
256,Manish Kapoor,40,Marketing Manager,Yes,Google
257,Pooja Kumar,40,Designer,No,Infosys
258,Ananya Rao,39,Data Scientist,Yes,Flipkart
259,Yash Pillai,45,Designer,Yes,EY
260,Uma Sinha,33,Project Manager,No,Genpact
261,Meera Patel,49,Teacher,No,Wipro
262,Pooja Sinha,32,Data Analyst,Yes,EY
263,Karthik Pillai,54,Product Manager,Yes,Google
264,Deepak Joshi,45,Consultant,No,Flipkart
265,Ananya Sinha,42,Data Scientist,No,Accenture
266,Tarun Agarwal,45,Business Analyst,No,Flipkart
267,Meera Mehta,26,Architect,Yes,Google
268,Varun Sinha,46,Doctor,Yes,Amazon
269,Tarun Das,42,Doctor,Yes,Walmart
270,Jaya Pillai,44,Software Engineer,No,Amazon
271,Neha Nair,42,Bank Manager,Yes,IBM
272,Kiran Reddy,25,Business Analyst,Yes,Genpact
273,Shreya Desai,54,Data Analyst,No,Flipkart
274,Kiran Malhotra,45,Doctor,Yes,HCLTech
275,Zoya Iyer,49,Data Analyst,No,Google
276,Sanjay Kapoor,60,Business Analyst,No,IBM
277,Shreya Gupta,40,Bank Manager,Yes,Google
278,Uma Kapoor,50,Business Analyst,No,Genpact
279,Raj Mishra,31,HR Manager,Yes,Deloitte
280,Ananya Sinha,51,DevOps Engineer,Yes,Genpact
281,Kavya Joshi,26,Accountant,No,EY
282,Pooja Reddy,48,Data Scientist,Yes,EY
283,Chandan Sharma,47,Data Analyst,No,Genpact
284,Deepak Gupta,45,Data Scientist,No,IBM
285,Aditi Mehta,27,Project Manager,Yes,Cognizant
286,Akash Joshi,51,Doctor,No,EY
287,Zoya Sharma,26,Software Engineer,No,Capgemini
288,Meera Chopra,59,Civil Engineer,No,Accenture
289,Priya Gupta,40,Teacher,Yes,IBM
290,Harish Sinha,60,Designer,Yes,Accenture
291,Nandini Malhotra,55,Software Engineer,Yes,Cognizant
292,Priya Mishra,21,Product Manager,No,IBM
293,Uma Mishra,32,Data Scientist,No,Wipro
294,Raj Chopra,53,Civil Engineer,Yes,Tech Mahindra
295,Manish Patel,45,DevOps Engineer,No,TCS
296,Chandan Kumar,43,Sales Executive,Yes,Freshworks
297,Bhavna Reddy,23,DevOps Engineer,No,Walmart
298,Neha Kulkarni,50,Bank Manager,Yes,Cognizant
299,Arjun Bhat,50,Data Analyst,No,Capgemini
300,Akash Nair,23,Project Manager,No,Genpact
301,Gaurav Chopra,51,Marketing Manager,Yes,Walmart
302,Rahul Joshi,43,Data Analyst,No,Deloitte
303,Kavya Rao,48,QA Engineer,No,Tech Mahindra
304,Bhavna Iyer,52,Bank Manager,No,Genpact
305,Vijay Kumar,48,Data Scientist,No,Flipkart
306,Neha Chopra,39,Project Manager,Yes,Wipro
307,Aditya Agarwal,39,Business Analyst,No,Flipkart
308,Jaya Iyer,49,DevOps Engineer,No,Infosys
309,Chandan Malhotra,48,Marketing Manager,Yes,Wipro
310,Gaurav Rao,53,Accountant,Yes,Cognizant
311,Yash Agarwal,49,Data Analyst,Yes,Wipro
312,Sanjay Kulkarni,44,DevOps Engineer,No,Freshworks
313,Akash Malhotra,30,Designer,No,Google
314,Karthik Kulkarni,25,Architect,Yes,Genpact
315,Deepak Das,41,Marketing Manager,Yes,Accenture
316,Aditi Desai,32,Bank Manager,No,Zoho
317,Kavya Verma,37,Designer,Yes,Flipkart
318,Priya Bhat,52,HR Manager,Yes,Cognizant
319,Arjun Kapoor,32,Designer,Yes,Microsoft
320,Chandan Bhat,25,Lawyer,No,Amazon
321,Nikhil Bhat,32,DevOps Engineer,Yes,Accenture
322,Rahul Reddy,36,Bank Manager,Yes,Google
323,Tarun Bose,44,Designer,Yes,Flipkart
324,Diya Kumar,40,QA Engineer,No,Genpact
325,Harish Kulkarni,47,Architect,Yes,Cognizant
326,Aditya Sinha,25,Designer,No,Genpact
327,Chandan Reddy,56,Architect,Yes,Cognizant
328,Jaya Pillai,24,Teacher,Yes,Amazon
329,Nikhil Iyer,41,Sales Executive,No,Genpact
330,Priya Kumar,37,HR Manager,No,Cognizant
331,Varun Malhotra,55,Data Scientist,Yes,Freshworks
332,Vivek Reddy,31,Product Manager,No,Freshworks
333,Akash Sharma,26,Data Analyst,No,Walmart
334,Riya Kulkarni,57,Consultant,Yes,KPMG
335,Shreya Joshi,40,Bank Manager,Yes,Tech Mahindra
336,Varun Kapoor,25,Data Analyst,Yes,EY
337,Harish Menon,50,HR Manager,No,Flipkart
338,Meera Mehta,41,DevOps Engineer,No,Cognizant
339,Deepak Pillai,56,Teacher,No,IBM
340,Lakshmi Singh,38,Designer,Yes,Cognizant
341,Ishaan Patel,39,QA Engineer,No,IBM
342,Nikhil Mehta,57,Project Manager,Yes,HCLTech
343,Nandini Pillai,50,Bank Manager,No,KPMG
344,Aditi Kumar,46,Civil Engineer,No,IBM
345,Riya Bose,43,Data Analyst,Yes,Amazon
346,Nandini Malhotra,51,Business Analyst,Yes,Accenture
347,Jaya Reddy,37,DevOps Engineer,No,Google
348,Akash Das,24,Architect,Yes,Google
349,Tarun Joshi,25,QA Engineer,No,Zoho
350,Vijay Malhotra,60,Teacher,Yes,Accenture
351,Gaurav Rao,42,Lawyer,No,Cognizant
352,Rahul Malhotra,53,QA Engineer,Yes,Infosys
353,Akash Reddy,42,Bank Manager,No,Cognizant
354,Yash Pillai,29,Project Manager,No,HCLTech
355,Gaurav Malhotra,40,Architect,No,Genpact
356,Pooja Chopra,52,Architect,No,KPMG
357,Aditi Rao,42,Teacher,No,Freshworks
358,Varun Desai,22,Product Manager,No,Deloitte
359,Vivek Bose,35,Data Analyst,No,HCLTech
360,Raj Sinha,60,QA Engineer,Yes,IBM
361,Akash Bose,28,HR Manager,Yes,EY
362,Aditya Mishra,30,Consultant,Yes,Oracle
363,Pooja Kulkarni,60,Bank Manager,Yes,Cognizant
364,Raj Nair,56,Project Manager,No,Genpact
365,Divya Mehta,32,Designer,No,Zoho
366,Chandan Agarwal,37,Product Manager,No,Capgemini
367,Sanjay Verma,56,Business Analyst,Yes,Amazon
368,Priya Bhat,34,Bank Manager,No,KPMG
369,Chandan Chopra,38,Business Analyst,Yes,Freshworks
370,Shreya Das,46,DevOps Engineer,Yes,Amazon
371,Akash Joshi,26,DevOps Engineer,No,Walmart
372,Sneha Desai,51,HR Manager,Yes,Zoho
373,Vijay Chopra,38,Doctor,Yes,Flipkart
374,Vivek Gupta,36,Data Analyst,Yes,Walmart
375,Rohan Patel,27,Consultant,No,KPMG
376,Ishaan Agarwal,29,Software Engineer,Yes,Oracle
377,Manish Menon,33,Business Analyst,No,Amazon
378,Ananya Kulkarni,26,Architect,Yes,Zoho
379,Akash Iyer,47,Accountant,Yes,Tech Mahindra
380,Nandini Iyer,39,Data Analyst,Yes,Amazon
381,Uma Malhotra,27,Project Manager,No,EY
382,Shreya Pillai,52,Doctor,No,Deloitte
383,Rahul Singh,42,Accountant,No,Walmart
384,Sneha Bhat,32,Software Engineer,No,Amazon
385,Uma Agarwal,33,Accountant,No,Oracle
386,Pooja Mehta,26,QA Engineer,Yes,HCLTech
387,Kiran Menon,41,Sales Executive,Yes,Deloitte
388,Divya Gupta,49,Marketing Manager,No,Amazon
389,Vivek Desai,57,Software Engineer,No,Walmart
390,Deepak Bhat,36,Data Analyst,Yes,EY
391,Varun Iyer,46,Civil Engineer,No,Accenture
392,Priya Rao,60,Sales Executive,Yes,Cognizant
393,Manish Reddy,50,Product Manager,No,Oracle
394,Tarun Menon,55,HR Manager,Yes,Flipkart
395,Diya Pillai,49,Civil Engineer,No,Wipro
396,Uma Singh,24,Lawyer,Yes,Freshworks
397,Shreya Reddy,31,Project Manager,No,Accenture
398,Riya Bhat,58,Bank Manager,Yes,Genpact
399,Karthik Patel,50,Doctor,No,EY
400,Uma Patel,56,Designer,No,TCS
401,Gaurav Verma,21,HR Manager,Yes,Infosys
402,Jaya Rao,25,Lawyer,Yes,Wipro
403,Manish Patel,39,Consultant,Yes,Cognizant
404,Harish Rao,45,Designer,No,Tech Mahindra
405,Diya Agarwal,55,Doctor,No,Accenture
406,Neha Chopra,46,Civil Engineer,Yes,IBM
407,Aarav Kulkarni,22,Business Analyst,No,Zoho
408,Jaya Chopra,45,Sales Executive,Yes,EY
409,Chandan Reddy,38,HR Manager,Yes,Infosys
410,Harish Malhotra,22,Sales Executive,Yes,Wipro
411,Ishaan Malhotra,23,Designer,Yes,IBM
412,Akash Das,49,Sales Executive,Yes,Infosys
413,Kiran Pillai,39,Sales Executive,No,Freshworks
414,Yash Kulkarni,41,Sales Executive,No,Cognizant
415,Raj Gupta,47,Business Analyst,No,Infosys
416,Tarun Bose,32,Consultant,No,Infosys
417,Chandan Sinha,45,Civil Engineer,No,Oracle
418,Harish Reddy,40,QA Engineer,Yes,Zoho
419,Manish Gupta,35,Business Analyst,Yes,EY
420,Ananya Chopra,47,Consultant,Yes,Tech Mahindra
421,Sanjay Verma,34,Project Manager,Yes,EY
422,Deepak Kumar,55,HR Manager,Yes,Deloitte
423,Divya Agarwal,59,Product Manager,Yes,Wipro
424,Rahul Kulkarni,58,Lawyer,Yes,KPMG
425,Riya Mehta,40,Software Engineer,Yes,Capgemini
426,Kavya Desai,51,Sales Executive,Yes,Tech Mahindra
427,Sanjay Chopra,41,Business Analyst,No,EY
428,Shreya Sinha,43,Business Analyst,No,Google
429,Pooja Menon,50,Teacher,No,Microsoft
430,Riya Rao,41,Consultant,Yes,Freshworks
431,Rohan Desai,30,Software Engineer,No,Zoho
432,Vivek Bose,47,Business Analyst,Yes,Capgemini
433,Bhavna Gupta,45,Architect,Yes,KPMG
434,Tarun Sinha,42,Marketing Manager,No,Walmart
435,Nandini Kapoor,31,DevOps Engineer,Yes,Cognizant
436,Shreya Menon,32,Lawyer,Yes,Genpact
437,Akash Kumar,24,Software Engineer,No,Cognizant
438,Rohan Kumar,30,Software Engineer,Yes,Genpact
439,Lakshmi Rao,24,Product Manager,No,KPMG
440,Aditi Sharma,55,Lawyer,No,TCS
441,Aditi Pillai,38,Lawyer,No,TCS
442,Pooja Bhat,48,Accountant,Yes,Accenture
443,Raj Reddy,36,HR Manager,No,Google
444,Vijay Das,26,DevOps Engineer,No,EY
445,Uma Gupta,35,Business Analyst,Yes,Walmart
446,Akash Kumar,46,QA Engineer,No,Zoho
447,Manish Patel,21,Accountant,Yes,KPMG
448,Jaya Sinha,42,Architect,Yes,Genpact
449,Akash Gupta,34,Architect,No,Deloitte
450,Akash Kumar,38,Lawyer,Yes,HCLTech
451,Aditya Sharma,34,Architect,Yes,Tech Mahindra
452,Arjun Joshi,31,Architect,Yes,Freshworks
453,Divya Agarwal,55,Project Manager,No,Cognizant
454,Diya Pillai,43,Data Analyst,Yes,Oracle
455,Rohan Kumar,42,Product Manager,No,Microsoft
456,Aditi Sinha,38,Designer,No,IBM
457,Chandan Chopra,45,Consultant,Yes,Freshworks
458,Divya Kumar,60,Business Analyst,Yes,Wipro
459,Diya Verma,30,QA Engineer,Yes,Tech Mahindra
460,Aditya Rao,27,Data Scientist,Yes,Amazon
461,Karthik Rao,38,Teacher,Yes,Wipro
462,Neha Mishra,49,Lawyer,No,Accenture
463,Aditi Kumar,43,Lawyer,Yes,Flipkart
464,Yash Mehta,45,Software Engineer,No,Oracle
465,Divya Kulkarni,26,Lawyer,Yes,Freshworks
466,Raj Iyer,45,Accountant,Yes,Deloitte
467,Varun Verma,52,Doctor,Yes,HCLTech
468,Jaya Verma,47,Business Analyst,No,Wipro
469,Deepak Verma,36,Bank Manager,Yes,EY
470,Ishaan Reddy,40,Software Engineer,No,Microsoft
471,Zoya Das,42,Designer,No,Oracle
472,Yash Reddy,40,Project Manager,Yes,KPMG
473,Aditya Iyer,46,Project Manager,No,Walmart
474,Nandini Bose,36,Project Manager,No,Deloitte
475,Gaurav Rao,28,Architect,Yes,Freshworks
476,Shreya Iyer,56,Software Engineer,No,Capgemini
477,Karthik Joshi,25,Consultant,No,Cognizant
478,Varun Gupta,37,Doctor,No,Tech Mahindra
479,Arjun Kapoor,59,Bank Manager,No,Zoho
480,Pooja Bhat,47,Lawyer,Yes,Google
481,Shreya Malhotra,26,Teacher,Yes,Google
482,Nikhil Sinha,60,Data Analyst,No,Microsoft
483,Jaya Singh,21,Teacher,No,IBM
484,Pooja Desai,54,Lawyer,Yes,EY
485,Deepak Das,50,Architect,Yes,Google
486,Aditi Menon,27,Business Analyst,No,Wipro
487,Kavya Desai,30,DevOps Engineer,No,Microsoft
488,Lakshmi Nair,54,Bank Manager,No,KPMG
489,Ishaan Kapoor,49,Project Manager,Yes,Amazon
490,Akash Bhat,28,Software Engineer,No,Walmart
491,Ishaan Agarwal,31,Sales Executive,Yes,Zoho
492,Nikhil Mehta,56,Consultant,No,IBM
493,Gaurav Sinha,32,Accountant,No,Tech Mahindra
494,Aditi Desai,60,HR Manager,No,Freshworks
495,Jaya Das,21,HR Manager,Yes,Deloitte
496,Arjun Bose,27,Lawyer,Yes,Google
497,Aditya Nair,50,Teacher,No,KPMG
498,Raj Sinha,41,Product Manager,No,Flipkart
499,Gaurav Bose,28,DevOps Engineer,No,EY
500,Zoya Iyer,40,Product Manager,Yes,Cognizant
501,Aditya Singh,36,Business Analyst,Yes,HCLTech
502,Deepak Bhat,30,Civil Engineer,No,Oracle
503,Yash Reddy,57,QA Engineer,No,HCLTech
504,Nandini Sinha,55,Accountant,Yes,KPMG
505,Priya Reddy,32,Project Manager,No,Flipkart
506,Ananya Rao,21,Bank Manager,Yes,Capgemini
507,Divya Chopra,53,Bank Manager,No,KPMG
508,Harish Bhat,49,Bank Manager,Yes,Wipro
509,Uma Sharma,35,Business Analyst,Yes,Deloitte
510,Rohan Chopra,39,Accountant,No,Freshworks
511,Nandini Chopra,53,Teacher,Yes,Deloitte
512,Shreya Rao,55,Data Analyst,No,Zoho
513,Riya Mishra,27,Sales Executive,No,Infosys
514,Karthik Verma,43,Data Scientist,No,Accenture
515,Sanjay Nair,58,DevOps Engineer,No,HCLTech
516,Zoya Reddy,34,HR Manager,Yes,Freshworks
517,Chandan Chopra,38,Product Manager,Yes,Microsoft
518,Priya Joshi,57,Marketing Manager,Yes,Cognizant
519,Harish Patel,38,Doctor,Yes,IBM
520,Meera Bhat,41,Sales Executive,No,KPMG
521,Meera Bose,38,Consultant,No,EY
522,Arjun Sinha,26,QA Engineer,No,Google
523,Lakshmi Menon,41,Architect,Yes,Wipro
524,Lakshmi Sinha,43,Data Scientist,No,Capgemini
525,Jaya Nair,52,Marketing Manager,No,Amazon
526,Bhavna Chopra,57,Doctor,No,Microsoft
527,Ananya Patel,27,Designer,Yes,Accenture
528,Nikhil Kapoor,50,Software Engineer,No,Capgemini
529,Kiran Sinha,40,Accountant,No,Wipro
530,Deepak Verma,26,DevOps Engineer,Yes,Infosys
531,Gaurav Sinha,40,Sales Executive,No,Walmart
532,Diya Bhat,27,Software Engineer,Yes,KPMG
533,Arjun Reddy,58,Sales Executive,No,TCS
534,Aarav Bhat,42,Teacher,No,Cognizant
535,Manish Kumar,35,QA Engineer,Yes,Accenture
536,Ishaan Mehta,44,Business Analyst,Yes,Tech Mahindra
537,Kiran Sinha,30,Data Scientist,Yes,Flipkart
538,Nikhil Kapoor,43,HR Manager,Yes,Oracle
539,Zoya Agarwal,49,HR Manager,Yes,Accenture
540,Kiran Kulkarni,28,Architect,No,Google
541,Jaya Mehta,29,Sales Executive,No,Walmart
542,Diya Gupta,56,Product Manager,No,TCS
543,Varun Nair,54,Product Manager,Yes,Tech Mahindra
544,Priya Sinha,24,Sales Executive,No,Tech Mahindra
545,Kavya Gupta,52,Product Manager,Yes,Genpact
546,Aarav Rao,41,Doctor,No,Freshworks
547,Harish Rao,55,Accountant,No,Wipro
548,Aditi Bose,25,Software Engineer,No,Capgemini
549,Akash Patel,46,Civil Engineer,No,Walmart
550,Pooja Kulkarni,47,Consultant,No,Wipro
551,Shreya Chopra,60,Doctor,No,Wipro
552,Varun Kumar,53,HR Manager,Yes,Zoho
553,Aditya Das,58,Data Scientist,No,Oracle
554,Sanjay Patel,36,Data Scientist,No,Accenture
555,Lakshmi Malhotra,59,Data Analyst,No,HCLTech
556,Kavya Sharma,29,Software Engineer,Yes,KPMG
557,Chandan Pillai,54,Marketing Manager,Yes,Google
558,Kiran Desai,38,Teacher,Yes,Microsoft
559,Jaya Verma,54,Data Scientist,No,Freshworks
560,Arjun Menon,50,Civil Engineer,No,Infosys
561,Nandini Bose,31,DevOps Engineer,Yes,Deloitte
562,Ishaan Bose,28,Sales Executive,Yes,Infosys
563,Aarav Gupta,23,Bank Manager,No,Tech Mahindra
564,Meera Iyer,23,Lawyer,No,IBM
565,Aditya Gupta,47,Project Manager,No,Wipro
566,Uma Rao,28,Civil Engineer,Yes,HCLTech
567,Rohan Pillai,23,QA Engineer,Yes,EY
568,Priya Kulkarni,40,Project Manager,Yes,Zoho
569,Lakshmi Sharma,44,HR Manager,No,Freshworks
570,Varun Desai,60,Sales Executive,No,Google
571,Vivek Menon,33,Lawyer,Yes,Cognizant
572,Aarav Mishra,22,Sales Executive,No,Walmart
573,Aarav Mehta,21,QA Engineer,No,Accenture
574,Riya Pillai,36,Consultant,No,Infosys
575,Meera Bhat,38,Data Scientist,Yes,IBM
576,Raj Mishra,44,Designer,Yes,Freshworks
577,Ishaan Pillai,29,QA Engineer,Yes,Freshworks
578,Uma Patel,48,Doctor,Yes,Amazon
579,Sneha Mehta,46,Project Manager,No,EY
580,Vijay Gupta,25,HR Manager,Yes,Freshworks
581,Ishaan Reddy,27,Accountant,No,EY
582,Aditya Mishra,28,Lawyer,No,Capgemini
583,Karthik Joshi,50,Marketing Manager,Yes,Wipro
584,Nikhil Agarwal,40,Product Manager,Yes,Capgemini
585,Aditya Reddy,26,Sales Executive,No,Tech Mahindra
586,Pooja Patel,40,Marketing Manager,Yes,TCS
587,Gaurav Kapoor,56,Lawyer,Yes,Accenture
588,Lakshmi Singh,29,Teacher,Yes,Infosys
589,Rohan Reddy,33,QA Engineer,No,Walmart
590,Diya Bose,58,Marketing Manager,Yes,TCS
591,Arjun Nair,49,Doctor,Yes,Microsoft
592,Kavya Patel,50,Data Analyst,Yes,Freshworks
593,Jaya Desai,46,Bank Manager,Yes,Tech Mahindra
594,Jaya Iyer,43,HR Manager,Yes,Deloitte
595,Vijay Kapoor,30,Data Analyst,Yes,Walmart
596,Priya Menon,47,Lawyer,No,Infosys
597,Diya Verma,45,Doctor,No,Capgemini
598,Raj Gupta,55,Software Engineer,No,Google
599,Manish Chopra,52,DevOps Engineer,No,Tech Mahindra
600,Vijay Iyer,22,Project Manager,Yes,TCS
601,Vijay Patel,51,Civil Engineer,No,Freshworks
602,Rohan Iyer,27,Sales Executive,Yes,Deloitte
603,Shreya Desai,24,Sales Executive,No,Google
604,Neha Iyer,36,Architect,No,Google
605,Vivek Sharma,43,Architect,Yes,Freshworks
606,Rahul Menon,55,Business Analyst,Yes,KPMG
607,Akash Kumar,24,Sales Executive,Yes,TCS
608,Raj Menon,21,Project Manager,Yes,Cognizant
609,Bhavna Bhat,32,Project Manager,Yes,TCS
610,Meera Bose,30,Teacher,No,Wipro
611,Deepak Bhat,46,Architect,Yes,Microsoft
612,Varun Mehta,29,Accountant,No,Walmart
613,Nandini Sinha,41,Accountant,No,IBM
614,Vivek Iyer,45,Business Analyst,No,Cognizant
615,Neha Desai,21,Architect,No,Freshworks
616,Akash Iyer,59,Project Manager,Yes,Walmart
617,Uma Singh,52,Doctor,No,Wipro
618,Sanjay Rao,41,Accountant,Yes,Walmart
619,Bhavna Kapoor,21,Marketing Manager,Yes,IBM
620,Arjun Rao,37,Teacher,Yes,Infosys
621,Divya Kapoor,47,Accountant,No,KPMG
622,Divya Rao,55,QA Engineer,Yes,KPMG
623,Uma Sinha,35,Accountant,No,Wipro
624,Akash Joshi,22,Project Manager,No,Accenture
625,Arjun Mehta,31,QA Engineer,Yes,Wipro
626,Tarun Kumar,42,Product Manager,No,TCS
627,Jaya Sinha,31,Product Manager,No,HCLTech
628,Ananya Singh,42,HR Manager,Yes,Oracle
629,Tarun Desai,55,Marketing Manager,No,Amazon
630,Sanjay Singh,24,QA Engineer,No,Cognizant
631,Ananya Rao,21,Consultant,Yes,Amazon
632,Yash Menon,33,Teacher,Yes,Capgemini
633,Nikhil Sinha,39,Data Scientist,No,Accenture
634,Varun Das,51,Bank Manager,No,Wipro
635,Shreya Das,32,DevOps Engineer,No,Google
636,Neha Kapoor,23,Marketing Manager,No,EY
637,Sneha Gupta,38,Architect,Yes,Cognizant
638,Ishaan Kumar,43,Lawyer,No,Freshworks
639,Rohan Chopra,24,QA Engineer,No,Zoho
640,Manish Bose,36,Bank Manager,No,Wipro
641,Gaurav Bhat,23,Civil Engineer,Yes,Accenture
642,Karthik Iyer,31,HR Manager,Yes,Cognizant
643,Akash Mishra,26,Consultant,Yes,Walmart
644,Meera Malhotra,37,Project Manager,Yes,Wipro
645,Divya Chopra,46,Lawyer,No,Deloitte
646,Raj Kapoor,21,Product Manager,No,Accenture
647,Harish Reddy,30,Architect,Yes,Accenture
648,Uma Kulkarni,27,Business Analyst,No,Oracle
649,Sneha Das,52,Architect,No,Infosys
650,Neha Verma,46,Doctor,No,Infosys
651,Gaurav Mehta,36,Data Analyst,No,Deloitte
652,Deepak Sharma,42,Business Analyst,No,Deloitte
653,Nandini Bhat,27,Sales Executive,Yes,Amazon
654,Karthik Kulkarni,41,Marketing Manager,No,Flipkart
655,Diya Nair,49,HR Manager,No,KPMG
656,Raj Rao,24,Civil Engineer,Yes,Wipro
657,Varun Bhat,53,QA Engineer,Yes,Genpact
658,Uma Sharma,32,HR Manager,Yes,Infosys
659,Sanjay Patel,50,Data Analyst,No,Capgemini
660,Vijay Rao,50,Civil Engineer,No,Walmart
661,Kavya Agarwal,22,Sales Executive,No,KPMG
662,Yash Kapoor,32,Bank Manager,No,Google
663,Nikhil Verma,26,Business Analyst,Yes,Tech Mahindra
664,Ananya Iyer,57,HR Manager,Yes,Walmart
665,Rohan Agarwal,34,Marketing Manager,No,Genpact
666,Aditi Kulkarni,21,Bank Manager,Yes,Walmart
667,Neha Malhotra,21,Sales Executive,No,Flipkart
668,Varun Bhat,38,Consultant,No,Google
669,Lakshmi Verma,34,Designer,No,Genpact
670,Zoya Das,58,Teacher,Yes,Genpact
671,Deepak Chopra,59,Product Manager,No,Amazon
672,Ishaan Menon,25,Project Manager,No,Walmart
673,Aditya Verma,37,Business Analyst,Yes,Cognizant
674,Raj Kulkarni,36,Data Analyst,No,Microsoft
675,Kiran Desai,22,Bank Manager,No,Deloitte
676,Harish Das,45,Data Analyst,Yes,Microsoft
677,Rohan Agarwal,55,Bank Manager,No,Genpact
678,Varun Iyer,56,Accountant,No,Accenture
679,Manish Reddy,37,Lawyer,Yes,Microsoft
680,Diya Gupta,43,Sales Executive,No,Oracle
681,Bhavna Rao,37,Architect,No,EY
682,Kavya Menon,24,Architect,Yes,KPMG
683,Rahul Pillai,28,QA Engineer,No,Oracle
684,Ananya Reddy,29,HR Manager,No,Oracle
685,Uma Kapoor,30,Project Manager,Yes,Wipro
686,Nandini Mehta,32,Project Manager,Yes,TCS
687,Karthik Verma,34,Accountant,Yes,KPMG
688,Diya Reddy,60,Consultant,No,Tech Mahindra
689,Jaya Menon,45,Software Engineer,Yes,Zoho
690,Rahul Desai,44,Software Engineer,No,Genpact
691,Rahul Sharma,21,Sales Executive,Yes,Google
692,Varun Reddy,27,QA Engineer,No,HCLTech
693,Arjun Patel,40,Business Analyst,No,Genpact
694,Yash Pillai,42,Consultant,Yes,Microsoft
695,Nandini Rao,33,Accountant,No,TCS
696,Rohan Gupta,29,HR Manager,Yes,Freshworks
697,Pooja Iyer,28,DevOps Engineer,Yes,Tech Mahindra
698,Sneha Kulkarni,55,Product Manager,Yes,Flipkart
699,Ananya Agarwal,27,Software Engineer,Yes,Accenture
700,Harish Kapoor,45,Teacher,No,KPMG
701,Meera Nair,21,Business Analyst,No,Accenture
702,Raj Verma,60,Product Manager,Yes,Oracle
703,Ishaan Pillai,60,Teacher,No,Accenture
704,Ishaan Menon,33,Product Manager,Yes,Deloitte
705,Raj Nair,43,Consultant,No,HCLTech
706,Akash Chopra,52,HR Manager,No,Microsoft
707,Sanjay Sharma,21,Data Scientist,Yes,Freshworks
708,Nandini Reddy,26,Civil Engineer,Yes,Accenture
709,Sneha Sinha,35,Designer,No,Deloitte
710,Lakshmi Patel,27,Accountant,Yes,Amazon
711,Deepak Agarwal,41,Consultant,Yes,Accenture
712,Akash Sharma,29,Accountant,No,Google
713,Karthik Malhotra,38,Data Scientist,No,Microsoft
714,Neha Singh,46,QA Engineer,No,Deloitte
715,Divya Bhat,51,Consultant,Yes,Accenture
716,Kiran Bhat,24,Accountant,Yes,Oracle
717,Vivek Menon,57,Designer,Yes,Flipkart
718,Divya Kulkarni,43,Product Manager,Yes,Cognizant
719,Manish Menon,28,Consultant,No,Infosys
720,Arjun Verma,41,Software Engineer,Yes,Microsoft
721,Raj Pillai,60,Teacher,No,IBM
722,Manish Rao,45,Doctor,Yes,TCS
723,Nikhil Pillai,51,Bank Manager,Yes,Wipro
724,Nandini Mehta,36,Project Manager,No,Infosys
725,Pooja Gupta,56,QA Engineer,No,IBM
726,Diya Kapoor,49,Architect,No,Wipro
727,Nandini Kapoor,41,Teacher,No,Walmart
728,Aditi Singh,46,Consultant,Yes,Zoho
729,Tarun Sharma,26,Product Manager,No,Genpact
730,Tarun Nair,50,Project Manager,No,Infosys
731,Rohan Kapoor,42,Lawyer,No,Google
732,Karthik Singh,27,Sales Executive,Yes,Microsoft
733,Chandan Sinha,39,Lawyer,No,Accenture
734,Akash Iyer,52,Doctor,No,Accenture
735,Sneha Malhotra,33,HR Manager,Yes,Tech Mahindra
736,Riya Kapoor,33,Project Manager,Yes,Oracle
737,Akash Sinha,58,Teacher,No,EY
738,Vivek Pillai,29,Bank Manager,Yes,Genpact
739,Ananya Chopra,48,Architect,No,Genpact
740,Neha Bhat,58,Accountant,Yes,Accenture
741,Divya Agarwal,59,Product Manager,No,Genpact
742,Divya Mishra,59,Sales Executive,No,Tech Mahindra
743,Bhavna Joshi,49,Doctor,Yes,Oracle
744,Yash Bhat,53,Business Analyst,No,Zoho
745,Riya Nair,34,Product Manager,No,Google
746,Kiran Bhat,32,Civil Engineer,No,Accenture
747,Chandan Chopra,51,Architect,No,Zoho
748,Priya Mishra,21,Civil Engineer,Yes,TCS
749,Divya Reddy,24,Data Analyst,Yes,Deloitte
750,Nikhil Joshi,37,Doctor,Yes,Amazon
751,Riya Kulkarni,55,Data Analyst,No,EY
752,Ishaan Malhotra,56,Sales Executive,No,IBM
753,Pooja Bhat,39,Data Analyst,No,Tech Mahindra
754,Harish Agarwal,41,Lawyer,Yes,TCS
755,Sneha Nair,60,Designer,Yes,Walmart
756,Deepak Kulkarni,58,Lawyer,Yes,Capgemini
757,Priya Kapoor,32,Data Scientist,Yes,HCLTech
758,Pooja Singh,45,Data Analyst,No,Deloitte
759,Tarun Verma,29,Accountant,No,TCS
760,Bhavna Kapoor,30,Data Analyst,Yes,Microsoft
761,Yash Patel,60,Business Analyst,No,Freshworks
762,Tarun Rao,25,Project Manager,Yes,HCLTech
763,Raj Kumar,53,Accountant,No,Zoho
764,Shreya Das,26,DevOps Engineer,Yes,Capgemini
765,Bhavna Mehta,44,Business Analyst,Yes,Flipkart
766,Raj Menon,56,Software Engineer,Yes,Google
767,Karthik Gupta,60,Product Manager,Yes,Infosys
768,Aditya Das,28,QA Engineer,No,Zoho
769,Priya Sharma,54,DevOps Engineer,No,KPMG
770,Akash Joshi,33,Project Manager,Yes,Accenture
771,Nikhil Kulkarni,55,Lawyer,Yes,Walmart
772,Arjun Nair,34,Consultant,Yes,Capgemini
773,Shreya Bhat,48,Data Scientist,Yes,TCS
774,Lakshmi Bhat,42,Data Analyst,Yes,Wipro
775,Ananya Iyer,37,Lawyer,Yes,Freshworks
776,Rohan Verma,47,QA Engineer,No,Walmart
777,Gaurav Mishra,41,Software Engineer,No,Accenture
778,Shreya Sharma,60,Data Scientist,Yes,Wipro
779,Chandan Pillai,27,Business Analyst,No,Flipkart
780,Diya Joshi,49,QA Engineer,No,TCS
781,Manish Iyer,55,Sales Executive,Yes,Tech Mahindra
782,Shreya Joshi,30,Business Analyst,No,TCS
783,Tarun Chopra,30,Teacher,Yes,TCS
784,Uma Malhotra,46,Lawyer,Yes,Amazon
785,Riya Desai,43,HR Manager,No,Walmart
786,Pooja Reddy,31,Accountant,Yes,Flipkart
787,Sneha Nair,28,Accountant,Yes,Zoho
788,Lakshmi Sinha,56,Data Scientist,No,Wipro
789,Sneha Singh,33,Architect,No,Microsoft
790,Chandan Reddy,36,Teacher,No,Flipkart
791,Arjun Nair,41,Bank Manager,No,Microsoft
792,Zoya Agarwal,40,Architect,Yes,Freshworks
793,Uma Rao,41,Consultant,Yes,TCS
794,Aditya Gupta,35,Consultant,No,Google
795,Kiran Agarwal,42,Bank Manager,No,EY
796,Chandan Kulkarni,40,Bank Manager,Yes,HCLTech
797,Yash Kumar,38,Doctor,Yes,Deloitte
798,Arjun Desai,25,Software Engineer,Yes,Freshworks
799,Vivek Das,58,HR Manager,Yes,Zoho
800,Sneha Chopra,55,Bank Manager,Yes,Google
801,Gaurav Gupta,58,Business Analyst,Yes,EY
802,Pooja Pillai,26,QA Engineer,No,Genpact
803,Aarav Agarwal,36,Product Manager,Yes,Genpact
804,Kiran Kapoor,31,Accountant,Yes,KPMG
805,Chandan Patel,35,Bank Manager,Yes,Wipro
806,Sneha Rao,35,Data Analyst,Yes,Genpact
807,Deepak Das,51,Designer,Yes,Infosys
808,Aditya Singh,54,Marketing Manager,No,Freshworks
809,Shreya Bose,32,QA Engineer,No,Google
810,Vivek Sinha,25,Civil Engineer,No,Tech Mahindra
811,Rohan Pillai,46,DevOps Engineer,No,KPMG
812,Manish Malhotra,21,Civil Engineer,Yes,EY
813,Nikhil Gupta,25,Civil Engineer,No,Capgemini
814,Meera Iyer,31,DevOps Engineer,Yes,IBM
815,Harish Mehta,28,Bank Manager,No,KPMG
816,Riya Bose,31,Consultant,Yes,IBM
817,Akash Reddy,57,Architect,Yes,Cognizant
818,Pooja Patel,57,Doctor,Yes,HCLTech
819,Sneha Iyer,54,QA Engineer,Yes,Amazon
820,Diya Nair,49,Product Manager,No,KPMG
821,Nikhil Gupta,47,Product Manager,Yes,Freshworks
822,Neha Malhotra,53,Marketing Manager,Yes,Microsoft
823,Lakshmi Malhotra,58,Data Scientist,Yes,Tech Mahindra
824,Divya Reddy,27,Software Engineer,Yes,Genpact
825,Pooja Agarwal,47,Doctor,Yes,HCLTech
826,Manish Malhotra,59,Data Analyst,Yes,Wipro
827,Manish Agarwal,29,Product Manager,Yes,Walmart
828,Jaya Pillai,47,DevOps Engineer,Yes,Genpact
829,Jaya Gupta,51,QA Engineer,No,Freshworks
830,Uma Singh,48,Doctor,No,KPMG
831,Rohan Kumar,39,Product Manager,No,Deloitte
832,Rahul Sharma,21,Architect,Yes,Genpact
833,Aarav Das,34,Project Manager,No,Google
834,Ishaan Reddy,48,Architect,No,Deloitte
835,Shreya Mishra,57,DevOps Engineer,No,Tech Mahindra
836,Riya Mishra,56,Lawyer,No,HCLTech
837,Deepak Chopra,56,Bank Manager,No,Amazon
838,Uma Rao,46,Doctor,Yes,IBM
839,Karthik Bhat,31,Teacher,Yes,Genpact
840,Gaurav Mehta,56,Product Manager,Yes,HCLTech
841,Divya Sinha,21,Data Scientist,Yes,KPMG
842,Yash Mishra,26,Data Scientist,No,IBM
843,Deepak Kumar,59,Data Analyst,No,Tech Mahindra
844,Zoya Sinha,54,Business Analyst,Yes,HCLTech
845,Nandini Kapoor,21,HR Manager,No,Capgemini
846,Akash Malhotra,53,Civil Engineer,Yes,Flipkart
847,Nikhil Agarwal,23,DevOps Engineer,Yes,Walmart
848,Aarav Iyer,26,Marketing Manager,No,Google
849,Gaurav Das,58,HR Manager,Yes,Wipro
850,Diya Chopra,39,Lawyer,No,Google
851,Vijay Gupta,59,HR Manager,No,Tech Mahindra
852,Uma Sharma,37,Accountant,No,Genpact
853,Ishaan Chopra,25,Civil Engineer,No,Microsoft
854,Kavya Pillai,37,Lawyer,No,EY
855,Divya Bose,51,Sales Executive,No,EY
856,Lakshmi Bose,22,Bank Manager,Yes,Deloitte
857,Arjun Das,35,Sales Executive,No,Oracle
858,Chandan Pillai,55,Software Engineer,No,IBM
859,Priya Kumar,46,Project Manager,Yes,Zoho
860,Neha Menon,41,DevOps Engineer,Yes,Freshworks
861,Vijay Iyer,33,Bank Manager,Yes,IBM
862,Sanjay Verma,34,Sales Executive,Yes,IBM
863,Zoya Rao,30,Teacher,Yes,Wipro
864,Nandini Malhotra,21,Lawyer,Yes,KPMG
865,Deepak Malhotra,41,Bank Manager,No,KPMG
866,Neha Kulkarni,53,Marketing Manager,No,IBM
867,Uma Reddy,24,Civil Engineer,No,KPMG
868,Shreya Patel,53,DevOps Engineer,No,HCLTech
869,Lakshmi Singh,54,Designer,No,TCS
870,Aarav Agarwal,34,QA Engineer,Yes,Microsoft
871,Deepak Malhotra,37,Accountant,No,IBM
872,Vijay Menon,60,Project Manager,No,HCLTech
873,Nandini Mishra,34,Consultant,No,Google
874,Gaurav Verma,49,Accountant,Yes,Freshworks
875,Rohan Singh,38,Sales Executive,No,Tech Mahindra
876,Rahul Reddy,30,Bank Manager,Yes,HCLTech
877,Harish Menon,29,Civil Engineer,No,KPMG
878,Varun Verma,56,Architect,Yes,Tech Mahindra
879,Ishaan Bhat,31,Data Analyst,Yes,Deloitte
880,Manish Sinha,27,Designer,No,Deloitte
881,Deepak Rao,56,Lawyer,No,Google
882,Aditi Mishra,28,DevOps Engineer,Yes,Freshworks
883,Uma Sinha,55,Accountant,No,Google
884,Aditya Agarwal,53,Bank Manager,No,Wipro
885,Divya Malhotra,39,Designer,Yes,HCLTech
886,Bhavna Mishra,60,Architect,No,Wipro
887,Diya Iyer,42,Sales Executive,No,Microsoft
888,Priya Bhat,38,Product Manager,No,Deloitte
889,Karthik Kulkarni,44,Architect,No,Oracle
890,Nikhil Iyer,22,Doctor,Yes,Deloitte
891,Diya Nair,31,QA Engineer,Yes,Accenture
892,Arjun Menon,56,Data Analyst,Yes,Tech Mahindra
893,Raj Kulkarni,26,Teacher,No,Flipkart
894,Meera Kumar,45,Business Analyst,Yes,IBM
895,Priya Kapoor,29,Doctor,Yes,TCS
896,Akash Agarwal,43,Project Manager,No,EY
897,Shreya Verma,56,Designer,Yes,Zoho
898,Neha Bose,59,Designer,No,Genpact
899,Shreya Joshi,43,Bank Manager,Yes,Wipro
900,Karthik Joshi,44,Consultant,No,Cognizant
901,Varun Sharma,21,Civil Engineer,Yes,Google
902,Priya Menon,55,Software Engineer,No,KPMG
903,Varun Sharma,48,Business Analyst,Yes,TCS
904,Tarun Rao,33,Consultant,No,Tech Mahindra
905,Sanjay Iyer,45,QA Engineer,Yes,Deloitte
906,Diya Mishra,36,Civil Engineer,No,Amazon
907,Shreya Verma,47,HR Manager,Yes,HCLTech
908,Kiran Joshi,28,Designer,No,Deloitte
909,Zoya Menon,33,Project Manager,Yes,Cognizant
910,Ananya Chopra,22,Accountant,Yes,Amazon
911,Vijay Reddy,49,Software Engineer,Yes,Wipro
912,Meera Sharma,52,HR Manager,No,Oracle
913,Varun Menon,44,Designer,Yes,Microsoft
914,Diya Kulkarni,30,Data Analyst,No,Tech Mahindra
915,Arjun Chopra,51,Accountant,Yes,Deloitte
916,Divya Sharma,28,Sales Executive,No,EY
917,Sanjay Desai,23,HR Manager,No,Accenture
918,Raj Agarwal,34,Bank Manager,No,Amazon
919,Aditya Iyer,23,Lawyer,Yes,Deloitte
920,Manish Sinha,40,HR Manager,No,Infosys
921,Riya Singh,36,Consultant,No,TCS
922,Nikhil Verma,58,Teacher,No,IBM
923,Aarav Patel,58,Bank Manager,Yes,Google
924,Diya Gupta,31,Bank Manager,Yes,Flipkart
925,Bhavna Kulkarni,24,Data Analyst,No,Walmart
926,Meera Bhat,55,Teacher,Yes,KPMG
927,Rohan Mehta,56,DevOps Engineer,No,Capgemini
928,Aditi Bhat,45,DevOps Engineer,Yes,Deloitte
929,Akash Menon,49,Lawyer,No,Zoho
930,Nandini Nair,57,Accountant,No,Microsoft
931,Lakshmi Verma,59,Lawyer,Yes,Wipro
932,Raj Reddy,49,Business Analyst,No,Zoho
933,Deepak Kapoor,21,Civil Engineer,No,HCLTech
934,Aditi Malhotra,44,Product Manager,Yes,Microsoft
935,Arjun Agarwal,55,QA Engineer,Yes,Genpact
936,Nandini Kulkarni,56,Doctor,No,Microsoft
937,Harish Sinha,41,Teacher,Yes,Genpact
938,Arjun Patel,29,Accountant,Yes,Capgemini
939,Ishaan Menon,33,Teacher,Yes,Freshworks
940,Divya Agarwal,52,Civil Engineer,No,Infosys
941,Deepak Gupta,59,Data Scientist,Yes,Capgemini
942,Nandini Kumar,50,Data Analyst,No,Zoho
943,Harish Rao,24,Product Manager,No,Genpact
944,Akash Desai,25,Business Analyst,Yes,Capgemini
945,Raj Singh,27,Sales Executive,No,Capgemini
946,Rahul Pillai,36,Architect,Yes,Zoho
947,Tarun Mishra,27,Architect,No,EY
948,Jaya Singh,31,Accountant,No,Genpact
949,Bhavna Agarwal,31,Lawyer,No,Google
950,Aditya Chopra,41,DevOps Engineer,No,Walmart
951,Jaya Desai,41,Product Manager,Yes,Freshworks
952,Shreya Nair,45,Lawyer,No,Google
953,Karthik Kapoor,46,Software Engineer,Yes,Amazon
954,Yash Sharma,54,Doctor,No,TCS
955,Varun Gupta,34,Project Manager,Yes,Deloitte
956,Tarun Pillai,56,Architect,Yes,Accenture
957,Akash Kapoor,43,Doctor,Yes,Deloitte
958,Deepak Bose,36,Sales Executive,No,Amazon
959,Diya Bose,46,Architect,Yes,Wipro
960,Aditya Menon,32,Bank Manager,Yes,Flipkart
961,Varun Patel,57,QA Engineer,Yes,Infosys
962,Bhavna Rao,48,Consultant,Yes,IBM
963,Yash Sharma,45,Data Analyst,No,Genpact
964,Akash Mehta,55,Architect,Yes,Microsoft
965,Pooja Bhat,35,Doctor,Yes,Tech Mahindra
966,Karthik Kulkarni,59,Architect,Yes,IBM
967,Jaya Joshi,46,Doctor,Yes,Microsoft
968,Diya Menon,57,Data Analyst,No,Deloitte
969,Diya Das,53,Consultant,Yes,Cognizant
970,Manish Chopra,33,Bank Manager,No,Walmart
971,Uma Nair,56,Product Manager,Yes,IBM
972,Arjun Verma,48,Project Manager,Yes,Accenture
973,Harish Mishra,44,DevOps Engineer,Yes,Microsoft
974,Chandan Malhotra,22,Business Analyst,Yes,Google
975,Zoya Kapoor,60,Doctor,No,Infosys
976,Rohan Nair,44,Doctor,Yes,Accenture
977,Ananya Gupta,60,Doctor,No,TCS
978,Bhavna Bhat,28,Business Analyst,No,KPMG
979,Aditi Mehta,34,Lawyer,Yes,Capgemini
980,Shreya Pillai,37,Lawyer,No,Flipkart
981,Meera Bhat,22,QA Engineer,Yes,Deloitte
982,Nikhil Patel,39,HR Manager,No,Infosys
983,Lakshmi Sinha,21,Data Scientist,No,Deloitte
984,Deepak Singh,22,Business Analyst,No,IBM
985,Divya Pillai,27,Project Manager,No,Flipkart
986,Shreya Kumar,32,HR Manager,No,Zoho
987,Aditi Patel,36,Civil Engineer,No,Microsoft
988,Nandini Das,31,Software Engineer,No,Google
989,Chandan Sinha,40,Sales Executive,No,Infosys
990,Sneha Das,22,Lawyer,No,IBM
991,Meera Mehta,46,Doctor,Yes,Tech Mahindra
992,Raj Agarwal,60,Sales Executive,No,IBM
993,Uma Reddy,48,Business Analyst,No,EY
994,Shreya Reddy,34,Doctor,Yes,Cognizant
995,Varun Bhat,54,Doctor,No,Cognizant
996,Uma Iyer,41,Data Scientist,Yes,HCLTech
997,Aditya Reddy,22,Project Manager,No,Oracle
998,Varun Kapoor,38,Doctor,Yes,Accenture
999,Kiran Iyer,22,Product Manager,No,Flipkart
1000,Uma Malhotra,35,Product Manager,Yes,IBM
